Customer_ID,Customer_Name,Email,Location
1,Customer_1,customer1@example.com,Los Angeles
2,Customer_2,customer2@example.com,New York
3,Customer_3,customer3@example.com,Miami
4,Customer_4,customer4@example.com,New York
5,Customer_5,customer5@example.com,Miami
6,Customer_6,customer6@example.com,New York
7,Customer_7,customer7@example.com,Houston
8,Customer_8,customer8@example.com,Chicago
9,Customer_9,customer9@example.com,Chicago
10,Customer_10,customer10@example.com,Los Angeles
11,Customer_11,customer11@example.com,Miami
12,Customer_12,customer12@example.com,Miami
13,Customer_13,customer13@example.com,Miami
14,Customer_14,customer14@example.com,Houston
15,Customer_15,customer15@example.com,Miami
16,Customer_16,customer16@example.com,Chicago
17,Customer_17,customer17@example.com,Houston
18,Customer_18,customer18@example.com,New York
19,Customer_19,customer19@example.com,Miami
20,Customer_20,customer20@example.com,Miami
21,Customer_21,customer21@example.com,New York
22,Customer_22,customer22@example.com,Miami
23,Customer_23,customer23@example.com,New York
24,Customer_24,customer24@example.com,Houston
25,Customer_25,customer25@example.com,Chicago
26,Customer_26,customer26@example.com,New York
27,Customer_27,customer27@example.com,Los Angeles
28,Customer_28,customer28@example.com,New York
29,Customer_29,customer29@example.com,Miami
30,Customer_30,customer30@example.com,Houston
31,Customer_31,customer31@example.com,Houston
32,Customer_32,customer32@example.com,New York
33,Customer_33,customer33@example.com,Chicago
34,Customer_34,customer34@example.com,Los Angeles
35,Customer_35,customer35@example.com,Houston
36,Customer_36,customer36@example.com,Miami
37,Customer_37,customer37@example.com,Miami
38,Customer_38,customer38@example.com,Chicago
39,Customer_39,customer39@example.com,Houston
40,Customer_40,customer40@example.com,New York
41,Customer_41,customer41@example.com,Miami
42,Customer_42,customer42@example.com,Chicago
43,Customer_43,customer43@example.com,Houston
44,Customer_44,customer44@example.com,Houston
45,Customer_45,customer45@example.com,Houston
46,Customer_46,customer46@example.com,Houston
47,Customer_47,customer47@example.com,Houston
48,Customer_48,customer48@example.com,Miami
49,Customer_49,customer49@example.com,Chicago
50,Customer_50,customer50@example.com,Houston
51,Customer_51,customer51@example.com,Los Angeles
52,Customer_52,customer52@example.com,Los Angeles
53,Customer_53,customer53@example.com,Chicago
54,Customer_54,customer54@example.com,New York
55,Customer_55,customer55@example.com,New York
56,Customer_56,customer56@example.com,New York
57,Customer_57,customer57@example.com,Los Angeles
58,Customer_58,customer58@example.com,New York
59,Customer_59,customer59@example.com,Miami
60,Customer_60,customer60@example.com,Houston
61,Customer_61,customer61@example.com,Los Angeles
62,Customer_62,customer62@example.com,Chicago
63,Customer_63,customer63@example.com,Chicago
64,Customer_64,customer64@example.com,Houston
65,Customer_65,customer65@example.com,Los Angeles
66,Customer_66,customer66@example.com,New York
67,Customer_67,customer67@example.com,New York
68,Customer_68,customer68@example.com,Miami
69,Customer_69,customer69@example.com,Miami
70,Customer_70,customer70@example.com,New York
71,Customer_71,customer71@example.com,Chicago
72,Customer_72,customer72@example.com,Chicago
73,Customer_73,customer73@example.com,Miami
74,Customer_74,customer74@example.com,Houston
75,Customer_75,customer75@example.com,New York
76,Customer_76,customer76@example.com,Miami
77,Customer_77,customer77@example.com,Miami
78,Customer_78,customer78@example.com,New York
79,Customer_79,customer79@example.com,New York
80,Customer_80,customer80@example.com,Chicago
81,Customer_81,customer81@example.com,Houston
82,Customer_82,customer82@example.com,Houston
83,Customer_83,customer83@example.com,New York
84,Customer_84,customer84@example.com,Los Angeles
85,Customer_85,customer85@example.com,Miami
86,Customer_86,customer86@example.com,Miami
87,Customer_87,customer87@example.com,New York
88,Customer_88,customer88@example.com,Los Angeles
89,Customer_89,customer89@example.com,Chicago
90,Customer_90,customer90@example.com,New York
91,Customer_91,customer91@example.com,New York
92,Customer_92,customer92@example.com,Miami
93,Customer_93,customer93@example.com,New York
94,Customer_94,customer94@example.com,New York
95,Customer_95,customer95@example.com,New York
96,Customer_96,customer96@example.com,Miami
97,Customer_97,customer97@example.com,Chicago
98,Customer_98,customer98@example.com,Chicago
99,Customer_99,customer99@example.com,New York
100,Customer_100,customer100@example.com,Miami
101,Customer_101,customer101@example.com,Chicago
102,Customer_102,customer102@example.com,Chicago
103,Customer_103,customer103@example.com,Chicago
104,Customer_104,customer104@example.com,Miami
105,Customer_105,customer105@example.com,Miami
106,Customer_106,customer106@example.com,New York
107,Customer_107,customer107@example.com,Houston
108,Customer_108,customer108@example.com,Chicago
109,Customer_109,customer109@example.com,Houston
110,Customer_110,customer110@example.com,Miami
111,Customer_111,customer111@example.com,Miami
112,Customer_112,customer112@example.com,Miami
113,Customer_113,customer113@example.com,Houston
114,Customer_114,customer114@example.com,Miami
115,Customer_115,customer115@example.com,New York
116,Customer_116,customer116@example.com,Miami
117,Customer_117,customer117@example.com,Los Angeles
118,Customer_118,customer118@example.com,Houston
119,Customer_119,customer119@example.com,Los Angeles
120,Customer_120,customer120@example.com,Miami
121,Customer_121,customer121@example.com,New York
122,Customer_122,customer122@example.com,Chicago
123,Customer_123,customer123@example.com,Miami
124,Customer_124,customer124@example.com,New York
125,Customer_125,customer125@example.com,Houston
126,Customer_126,customer126@example.com,Los Angeles
127,Customer_127,customer127@example.com,Los Angeles
128,Customer_128,customer128@example.com,Los Angeles
129,Customer_129,customer129@example.com,Houston
130,Customer_130,customer130@example.com,New York
131,Customer_131,customer131@example.com,Houston
132,Customer_132,customer132@example.com,Los Angeles
133,Customer_133,customer133@example.com,Miami
134,Customer_134,customer134@example.com,Chicago
135,Customer_135,customer135@example.com,Houston
136,Customer_136,customer136@example.com,Houston
137,Customer_137,customer137@example.com,New York
138,Customer_138,customer138@example.com,New York
139,Customer_139,customer139@example.com,Houston
140,Customer_140,customer140@example.com,Los Angeles
141,Customer_141,customer141@example.com,Chicago
142,Customer_142,customer142@example.com,New York
143,Customer_143,customer143@example.com,Los Angeles
144,Customer_144,customer144@example.com,Miami
145,Customer_145,customer145@example.com,New York
146,Customer_146,customer146@example.com,Los Angeles
147,Customer_147,customer147@example.com,Los Angeles
148,Customer_148,customer148@example.com,Chicago
149,Customer_149,customer149@example.com,Chicago
150,Customer_150,customer150@example.com,Miami
151,Customer_151,customer151@example.com,Los Angeles
152,Customer_152,customer152@example.com,Los Angeles
153,Customer_153,customer153@example.com,Chicago
154,Customer_154,customer154@example.com,New York
155,Customer_155,customer155@example.com,New York
156,Customer_156,customer156@example.com,Houston
157,Customer_157,customer157@example.com,Chicago
158,Customer_158,customer158@example.com,Houston
159,Customer_159,customer159@example.com,Chicago
160,Customer_160,customer160@example.com,Miami
161,Customer_161,customer161@example.com,Los Angeles
162,Customer_162,customer162@example.com,Miami
163,Customer_163,customer163@example.com,Chicago
164,Customer_164,customer164@example.com,Los Angeles
165,Customer_165,customer165@example.com,New York
166,Customer_166,customer166@example.com,New York
167,Customer_167,customer167@example.com,Houston
168,Customer_168,customer168@example.com,Chicago
169,Customer_169,customer169@example.com,Chicago
170,Customer_170,customer170@example.com,New York
171,Customer_171,customer171@example.com,Miami
172,Customer_172,customer172@example.com,Los Angeles
173,Customer_173,customer173@example.com,Miami
174,Customer_174,customer174@example.com,Miami
175,Customer_175,customer175@example.com,New York
176,Customer_176,customer176@example.com,New York
177,Customer_177,customer177@example.com,New York
178,Customer_178,customer178@example.com,Houston
179,Customer_179,customer179@example.com,Miami
180,Customer_180,customer180@example.com,Chicago
181,Customer_181,customer181@example.com,Los Angeles
182,Customer_182,customer182@example.com,Houston
183,Customer_183,customer183@example.com,Chicago
184,Customer_184,customer184@example.com,Miami
185,Customer_185,customer185@example.com,New York
186,Customer_186,customer186@example.com,Miami
187,Customer_187,customer187@example.com,Los Angeles
188,Customer_188,customer188@example.com,Houston
189,Customer_189,customer189@example.com,Houston
190,Customer_190,customer190@example.com,Los Angeles
191,Customer_191,customer191@example.com,Chicago
192,Customer_192,customer192@example.com,Chicago
193,Customer_193,customer193@example.com,Houston
194,Customer_194,customer194@example.com,Houston
195,Customer_195,customer195@example.com,New York
196,Customer_196,customer196@example.com,Chicago
197,Customer_197,customer197@example.com,Los Angeles
198,Customer_198,customer198@example.com,Chicago
199,Customer_199,customer199@example.com,New York
200,Customer_200,customer200@example.com,Houston
201,Customer_201,customer201@example.com,Houston
202,Customer_202,customer202@example.com,New York
203,Customer_203,customer203@example.com,Los Angeles
204,Customer_204,customer204@example.com,Houston
205,Customer_205,customer205@example.com,Miami
206,Customer_206,customer206@example.com,Houston
207,Customer_207,customer207@example.com,Miami
208,Customer_208,customer208@example.com,New York
209,Customer_209,customer209@example.com,New York
210,Customer_210,customer210@example.com,Houston
211,Customer_211,customer211@example.com,Chicago
212,Customer_212,customer212@example.com,Miami
213,Customer_213,customer213@example.com,Los Angeles
214,Customer_214,customer214@example.com,Houston
215,Customer_215,customer215@example.com,Los Angeles
216,Customer_216,customer216@example.com,Houston
217,Customer_217,customer217@example.com,Chicago
218,Customer_218,customer218@example.com,Chicago
219,Customer_219,customer219@example.com,Chicago
220,Customer_220,customer220@example.com,Chicago
221,Customer_221,customer221@example.com,New York
222,Customer_222,customer222@example.com,New York
223,Customer_223,customer223@example.com,Miami
224,Customer_224,customer224@example.com,Los Angeles
225,Customer_225,customer225@example.com,Houston
226,Customer_226,customer226@example.com,Houston
227,Customer_227,customer227@example.com,New York
228,Customer_228,customer228@example.com,Houston
229,Customer_229,customer229@example.com,New York
230,Customer_230,customer230@example.com,Miami
231,Customer_231,customer231@example.com,Los Angeles
232,Customer_232,customer232@example.com,Miami
233,Customer_233,customer233@example.com,Chicago
234,Customer_234,customer234@example.com,Chicago
235,Customer_235,customer235@example.com,Chicago
236,Customer_236,customer236@example.com,Miami
237,Customer_237,customer237@example.com,Houston
238,Customer_238,customer238@example.com,Los Angeles
239,Customer_239,customer239@example.com,Chicago
240,Customer_240,customer240@example.com,Chicago
241,Customer_241,customer241@example.com,Chicago
242,Customer_242,customer242@example.com,Los Angeles
243,Customer_243,customer243@example.com,Chicago
244,Customer_244,customer244@example.com,Los Angeles
245,Customer_245,customer245@example.com,Chicago
246,Customer_246,customer246@example.com,Miami
247,Customer_247,customer247@example.com,Miami
248,Customer_248,customer248@example.com,Los Angeles
249,Customer_249,customer249@example.com,Miami
250,Customer_250,customer250@example.com,Los Angeles
251,Customer_251,customer251@example.com,Miami
252,Customer_252,customer252@example.com,Miami
253,Customer_253,customer253@example.com,Los Angeles
254,Customer_254,customer254@example.com,Houston
255,Customer_255,customer255@example.com,Miami
256,Customer_256,customer256@example.com,Chicago
257,Customer_257,customer257@example.com,Houston
258,Customer_258,customer258@example.com,Los Angeles
259,Customer_259,customer259@example.com,Houston
260,Customer_260,customer260@example.com,New York
261,Customer_261,customer261@example.com,New York
262,Customer_262,customer262@example.com,Miami
263,Customer_263,customer263@example.com,Miami
264,Customer_264,customer264@example.com,Chicago
265,Customer_265,customer265@example.com,Houston
266,Customer_266,customer266@example.com,New York
267,Customer_267,customer267@example.com,Miami
268,Customer_268,customer268@example.com,Houston
269,Customer_269,customer269@example.com,Miami
270,Customer_270,customer270@example.com,Miami
271,Customer_271,customer271@example.com,New York
272,Customer_272,customer272@example.com,New York
273,Customer_273,customer273@example.com,Miami
274,Customer_274,customer274@example.com,Los Angeles
275,Customer_275,customer275@example.com,Miami
276,Customer_276,customer276@example.com,Miami
277,Customer_277,customer277@example.com,Chicago
278,Customer_278,customer278@example.com,Chicago
279,Customer_279,customer279@example.com,Chicago
280,Customer_280,customer280@example.com,Los Angeles
281,Customer_281,customer281@example.com,Los Angeles
282,Customer_282,customer282@example.com,Miami
283,Customer_283,customer283@example.com,Chicago
284,Customer_284,customer284@example.com,Los Angeles
285,Customer_285,customer285@example.com,New York
286,Customer_286,customer286@example.com,Miami
287,Customer_287,customer287@example.com,Houston
288,Customer_288,customer288@example.com,Miami
289,Customer_289,customer289@example.com,Houston
290,Customer_290,customer290@example.com,Chicago
291,Customer_291,customer291@example.com,Houston
292,Customer_292,customer292@example.com,Chicago
293,Customer_293,customer293@example.com,New York
294,Customer_294,customer294@example.com,Houston
295,Customer_295,customer295@example.com,Miami
296,Customer_296,customer296@example.com,Chicago
297,Customer_297,customer297@example.com,Miami
298,Customer_298,customer298@example.com,Los Angeles
299,Customer_299,customer299@example.com,Chicago
300,Customer_300,customer300@example.com,Houston
301,Customer_301,customer301@example.com,Chicago
302,Customer_302,customer302@example.com,Miami
303,Customer_303,customer303@example.com,New York
304,Customer_304,customer304@example.com,Chicago
305,Customer_305,customer305@example.com,Houston
306,Customer_306,customer306@example.com,Los Angeles
307,Customer_307,customer307@example.com,New York
308,Customer_308,customer308@example.com,Los Angeles
309,Customer_309,customer309@example.com,Chicago
310,Customer_310,customer310@example.com,Miami
311,Customer_311,customer311@example.com,Miami
312,Customer_312,customer312@example.com,Houston
313,Customer_313,customer313@example.com,Miami
314,Customer_314,customer314@example.com,New York
315,Customer_315,customer315@example.com,Miami
316,Customer_316,customer316@example.com,Houston
317,Customer_317,customer317@example.com,Chicago
318,Customer_318,customer318@example.com,Chicago
319,Customer_319,customer319@example.com,Miami
320,Customer_320,customer320@example.com,Los Angeles
321,Customer_321,customer321@example.com,Chicago
322,Customer_322,customer322@example.com,Miami
323,Customer_323,customer323@example.com,Houston
324,Customer_324,customer324@example.com,Miami
325,Customer_325,customer325@example.com,Chicago
326,Customer_326,customer326@example.com,Houston
327,Customer_327,customer327@example.com,Miami
328,Customer_328,customer328@example.com,New York
329,Customer_329,customer329@example.com,Houston
330,Customer_330,customer330@example.com,New York
331,Customer_331,customer331@example.com,Los Angeles
332,Customer_332,customer332@example.com,Houston
333,Customer_333,customer333@example.com,New York
334,Customer_334,customer334@example.com,Chicago
335,Customer_335,customer335@example.com,Chicago
336,Customer_336,customer336@example.com,Los Angeles
337,Customer_337,customer337@example.com,Houston
338,Customer_338,customer338@example.com,Houston
339,Customer_339,customer339@example.com,Houston
340,Customer_340,customer340@example.com,Los Angeles
341,Customer_341,customer341@example.com,Houston
342,Customer_342,customer342@example.com,Chicago
343,Customer_343,customer343@example.com,New York
344,Customer_344,customer344@example.com,Chicago
345,Customer_345,customer345@example.com,Chicago
346,Customer_346,customer346@example.com,New York
347,Customer_347,customer347@example.com,Chicago
348,Customer_348,customer348@example.com,Los Angeles
349,Customer_349,customer349@example.com,New York
350,Customer_350,customer350@example.com,Chicago
351,Customer_351,customer351@example.com,Miami
352,Customer_352,customer352@example.com,Chicago
353,Customer_353,customer353@example.com,Los Angeles
354,Customer_354,customer354@example.com,Houston
355,Customer_355,customer355@example.com,Chicago
356,Customer_356,customer356@example.com,Houston
357,Customer_357,customer357@example.com,Miami
358,Customer_358,customer358@example.com,Chicago
359,Customer_359,customer359@example.com,New York
360,Customer_360,customer360@example.com,Houston
361,Customer_361,customer361@example.com,Miami
362,Customer_362,customer362@example.com,New York
363,Customer_363,customer363@example.com,New York
364,Customer_364,customer364@example.com,New York
365,Customer_365,customer365@example.com,New York
366,Customer_366,customer366@example.com,Chicago
367,Customer_367,customer367@example.com,Chicago
368,Customer_368,customer368@example.com,Chicago
369,Customer_369,customer369@example.com,Miami
370,Customer_370,customer370@example.com,Miami
371,Customer_371,customer371@example.com,Miami
372,Customer_372,customer372@example.com,Los Angeles
373,Customer_373,customer373@example.com,Miami
374,Customer_374,customer374@example.com,Chicago
375,Customer_375,customer375@example.com,Chicago
376,Customer_376,customer376@example.com,Los Angeles
377,Customer_377,customer377@example.com,Los Angeles
378,Customer_378,customer378@example.com,Miami
379,Customer_379,customer379@example.com,Houston
380,Customer_380,customer380@example.com,Los Angeles
381,Customer_381,customer381@example.com,New York
382,Customer_382,customer382@example.com,Chicago
383,Customer_383,customer383@example.com,New York
384,Customer_384,customer384@example.com,Chicago
385,Customer_385,customer385@example.com,Chicago
386,Customer_386,customer386@example.com,Los Angeles
387,Customer_387,customer387@example.com,Los Angeles
388,Customer_388,customer388@example.com,New York
389,Customer_389,customer389@example.com,Chicago
390,Customer_390,customer390@example.com,New York
391,Customer_391,customer391@example.com,Houston
392,Customer_392,customer392@example.com,New York
393,Customer_393,customer393@example.com,Miami
394,Customer_394,customer394@example.com,New York
395,Customer_395,customer395@example.com,Miami
396,Customer_396,customer396@example.com,Miami
397,Customer_397,customer397@example.com,Miami
398,Customer_398,customer398@example.com,Houston
399,Customer_399,customer399@example.com,New York
400,Customer_400,customer400@example.com,New York
401,Customer_401,customer401@example.com,Houston
402,Customer_402,customer402@example.com,Chicago
403,Customer_403,customer403@example.com,Los Angeles
404,Customer_404,customer404@example.com,New York
405,Customer_405,customer405@example.com,Los Angeles
406,Customer_406,customer406@example.com,Houston
407,Customer_407,customer407@example.com,Chicago
408,Customer_408,customer408@example.com,Chicago
409,Customer_409,customer409@example.com,Chicago
410,Customer_410,customer410@example.com,Houston
411,Customer_411,customer411@example.com,Miami
412,Customer_412,customer412@example.com,Miami
413,Customer_413,customer413@example.com,Los Angeles
414,Customer_414,customer414@example.com,Miami
415,Customer_415,customer415@example.com,Miami
416,Customer_416,customer416@example.com,Chicago
417,Customer_417,customer417@example.com,Chicago
418,Customer_418,customer418@example.com,Los Angeles
419,Customer_419,customer419@example.com,New York
420,Customer_420,customer420@example.com,Los Angeles
421,Customer_421,customer421@example.com,Los Angeles
422,Customer_422,customer422@example.com,Houston
423,Customer_423,customer423@example.com,Houston
424,Customer_424,customer424@example.com,Los Angeles
425,Customer_425,customer425@example.com,Los Angeles
426,Customer_426,customer426@example.com,Los Angeles
427,Customer_427,customer427@example.com,Miami
428,Customer_428,customer428@example.com,Houston
429,Customer_429,customer429@example.com,Los Angeles
430,Customer_430,customer430@example.com,Chicago
431,Customer_431,customer431@example.com,Chicago
432,Customer_432,customer432@example.com,Miami
433,Customer_433,customer433@example.com,Miami
434,Customer_434,customer434@example.com,New York
435,Customer_435,customer435@example.com,New York
436,Customer_436,customer436@example.com,New York
437,Customer_437,customer437@example.com,Miami
438,Customer_438,customer438@example.com,Miami
439,Customer_439,customer439@example.com,Miami
440,Customer_440,customer440@example.com,Chicago
441,Customer_441,customer441@example.com,Miami
442,Customer_442,customer442@example.com,Chicago
443,Customer_443,customer443@example.com,New York
444,Customer_444,customer444@example.com,New York
445,Customer_445,customer445@example.com,New York
446,Customer_446,customer446@example.com,Los Angeles
447,Customer_447,customer447@example.com,Los Angeles
448,Customer_448,customer448@example.com,Houston
449,Customer_449,customer449@example.com,Houston
450,Customer_450,customer450@example.com,Houston
451,Customer_451,customer451@example.com,Los Angeles
452,Customer_452,customer452@example.com,Los Angeles
453,Customer_453,customer453@example.com,Houston
454,Customer_454,customer454@example.com,Houston
455,Customer_455,customer455@example.com,Miami
456,Customer_456,customer456@example.com,Houston
457,Customer_457,customer457@example.com,Miami
458,Customer_458,customer458@example.com,Chicago
459,Customer_459,customer459@example.com,Los Angeles
460,Customer_460,customer460@example.com,Houston
461,Customer_461,customer461@example.com,Los Angeles
462,Customer_462,customer462@example.com,Los Angeles
463,Customer_463,customer463@example.com,Los Angeles
464,Customer_464,customer464@example.com,Chicago
465,Customer_465,customer465@example.com,New York
466,Customer_466,customer466@example.com,Houston
467,Customer_467,customer467@example.com,New York
468,Customer_468,customer468@example.com,New York
469,Customer_469,customer469@example.com,New York
470,Customer_470,customer470@example.com,Los Angeles
471,Customer_471,customer471@example.com,Miami
472,Customer_472,customer472@example.com,Los Angeles
473,Customer_473,customer473@example.com,Los Angeles
474,Customer_474,customer474@example.com,New York
475,Customer_475,customer475@example.com,Los Angeles
476,Customer_476,customer476@example.com,New York
477,Customer_477,customer477@example.com,Miami
478,Customer_478,customer478@example.com,Houston
479,Customer_479,customer479@example.com,New York
480,Customer_480,customer480@example.com,Miami
481,Customer_481,customer481@example.com,Houston
482,Customer_482,customer482@example.com,Chicago
483,Customer_483,customer483@example.com,New York
484,Customer_484,customer484@example.com,New York
485,Customer_485,customer485@example.com,Chicago
486,Customer_486,customer486@example.com,Chicago
487,Customer_487,customer487@example.com,New York
488,Customer_488,customer488@example.com,Chicago
489,Customer_489,customer489@example.com,Los Angeles
490,Customer_490,customer490@example.com,Houston
491,Customer_491,customer491@example.com,Houston
492,Customer_492,customer492@example.com,Houston
493,Customer_493,customer493@example.com,Los Angeles
494,Customer_494,customer494@example.com,Chicago
495,Customer_495,customer495@example.com,Miami
496,Customer_496,customer496@example.com,Chicago
497,Customer_497,customer497@example.com,New York
498,Customer_498,customer498@example.com,Houston
499,Customer_499,customer499@example.com,Chicago
500,Customer_500,customer500@example.com,Miami
